{"cameraMode":{"drawMode":0,"name":"Shaded","section":"Shading Mode"},"sceneLighting":false,"audioPlay":false,"sceneViewState":{"m_AlwaysRefresh":false,"showFog":true,"showSkybox":true,"showFlares":true,"showImageEffects":true,"showParticleSystems":true,"showVisualEffectGraphs":true,"m_FxEnabled":true},"in2DMode":false,"pivot":{"x":18.05895233154297,"y":5.204159259796143,"z":-11.655074119567871},"rotation":{"x":-0.05468684434890747,"y":0.9446617364883423,"z":-0.2460576295852661,"w":-0.20995478332042695},"size":0.05162271112203598,"orthographic":false}