{"cameraMode":{"drawMode":0,"name":"Shaded","section":"Shading Mode"},"sceneLighting":false,"audioPlay":false,"sceneViewState":{"m_AlwaysRefresh":false,"showFog":true,"showSkybox":true,"showFlares":true,"showImageEffects":true,"showParticleSystems":true,"showVisualEffectGraphs":true,"m_FxEnabled":true},"in2DMode":false,"pivot":{"x":13.136162757873536,"y":0.8442040681838989,"z":-27.932649612426759},"rotation":{"x":-0.05468684434890747,"y":0.9446617364883423,"z":-0.2460576295852661,"w":-0.20995478332042695},"size":0.994322657585144,"orthographic":false}