{"cameraMode":{"drawMode":0,"name":"Shaded","section":"Shading Mode"},"sceneLighting":false,"audioPlay":false,"sceneViewState":{"m_AlwaysRefresh":false,"showFog":true,"showSkybox":true,"showFlares":true,"showImageEffects":true,"showParticleSystems":true,"showVisualEffectGraphs":true,"m_FxEnabled":true},"in2DMode":false,"pivot":{"x":-26.808032989501954,"y":11.062494277954102,"z":-35.174659729003909},"rotation":{"x":0.007046866230666637,"y":0.867881715297699,"z":0.012316431850194931,"w":-0.49656936526298525},"size":37.814659118652347,"orthographic":false}